fid,color_2,name,population,white,blk_afam,amind_akna,asian,nathaw_pac,other_race,twoormore,hisp_lat,male,female,age0_4,age5_11,age12_14,age15_17,age18_24,age25_34,age35_44,age45_64,age65ovr,families,married,married18,malehh,malehh18,femalehh,femalehh18,housing,occupied,occ_own,occ_rent,vacant,vac_rent,vac_sale,vac_other,geodata_eg,pop_dens,pop_chng,hh_chng,avehhsize,created_us,created_da,last_edite,last_edi_1,shape_star,shape_stle,SHAPE__Length,SHAPE__Area
1,2,Abell,889,606,213,3,33,1,4,29,30,424,465,55,43,5,10,118,254,149,186,69,159,105,41,12,4,42,19,515,440,248,192,75,49,4,22,0.07298534,12180.5280869,-107,-45,2.02045011, ,, ,,2034706.4007,5892.82777754,2324.67418218258,316336.062497104
2,2,Allendale,3554,18,3497,8,6,0,5,20,21,1536,2018,179,315,136,181,317,383,315,1039,689,874,253,62,111,34,510,193,1608,1433,818,615,175,99,20,56,0.40628891,8747.46982184,-150,-11,2.47244, ,, ,,11326639.4808,14276.8452329,5624.63468547478,1759173.4382046
3,2,Arcadia,1235,623,537,4,12,0,10,49,31,592,643,101,85,40,55,116,188,164,380,106,305,194,79,23,9,88,40,510,462,356,106,48,14,9,25,0.22606039,5463.14180959,-17,-8,2.67316007, ,, ,,6302176.92999,12268.0789032,4839.57264550472,980017.935924169
4,5,Arlington,2598,33,2496,3,9,0,10,47,17,1219,1379,148,237,92,114,231,297,305,775,399,585,215,63,76,28,294,130,1312,1079,485,594,233,64,24,145,0.18060179,14385.2387423,-437,-126,2.38369011, ,, ,,5034869.06128,9756.11559432,3846.59950618983,783270.832862269
5,2,Armistead Gardens,3458,2698,108,51,14,8,413,166,841,1621,1837,266,330,113,125,272,496,438,929,489,877,431,164,115,47,331,160,1543,1459,981,478,84,26,17,41,0.47279197,7313.99894072,547,176,2.37012004, ,, ,,13180631.0557,16915.7441343,6667.42926297808,2048122.18027663
6,3,Ashburton,2520,33,2431,6,4,0,15,31,39,1082,1438,106,178,79,103,192,214,250,791,607,625,326,99,65,21,234,78,1202,1097,787,310,105,18,14,73,0.35243146,7150.32636247,8,-16,2.29444003, ,, ,,9825186.0708,16042.2275466,6325.78478247068,1527621.2320181
7,4,Baltimore Highlands,2703,1023,700,63,75,11,693,138,1117,1485,1218,253,203,85,95,358,569,413,500,227,514,194,90,108,35,212,119,1148,876,302,574,272,98,45,129,0.15151165,17840.2120197,387,-79,3.08561992, ,, ,,4223885.55096,8315.12539496,3277.86358741139,656088.307988781
8,2,Patterson Park Neighborhood,5820,2904,1682,108,143,2,774,207,1624,2957,2863,506,443,150,149,665,1732,851,1017,307,1152,625,250,157,65,370,195,2569,2095,1185,910,474,187,75,212,0.1689267,34452.8113236,-135,28,2.76897001, ,, ,,4709387.49969,10491.2519841,4131.87839049969,731485.487791341
9,1,Barclay,2181,302,1764,10,23,0,35,47,78,1149,1032,127,129,42,57,255,368,280,740,183,379,119,24,52,10,208,97,1490,955,223,732,535,127,33,375,0.14055223,15517.3631535,-537,-132,2.1329801, ,, ,,3918355.6239,8116.64931187,3201.18468563621,608995.102135378
10,3,Barre Circle,450,228,154,6,34,0,12,16,14,224,226,14,19,7,10,82,165,62,65,26,69,49,14,7,5,13,5,245,209,98,111,36,11,3,22,0.02394857,18790.2626146,117,64,2.15311002, ,, ,,667645.262512,3977.19322677,1568.50134319575,103679.537006293
11,4,Beechfield,3708,363,3216,7,29,0,20,73,87,1638,2070,256,372,174,161,384,573,484,1051,253,970,404,161,95,46,471,266,1554,1440,888,552,114,74,13,27,0.40295492,9202.02177984,-50,30,2.54653, ,, ,,11233693.6567,16371.1585149,6447.51514103153,1744099.00576574
12,4,Belair-Parkside,444,108,299,1,7,0,1,28,10,197,247,24,51,18,33,33,68,54,119,44,106,55,19,5,3,46,23,183,157,121,36,26,5,8,13,0.03221343,13783.0674115,-58,-7,2.8280301, ,, ,,898055.542969,6678.39255968,2634.12234549068,139637.273973291
13,1,Bellona-Gittings,599,481,64,0,35,0,2,17,19,286,313,38,58,20,21,32,39,69,191,131,178,159,63,8,2,11,5,265,246,211,35,19,6,6,7,0.16255973,3684.79933242,0,-9,2.43495988, ,, ,,4531887.16559,8679.20480461,3423.86952879557,705428.952603067
14,5,Berea,3865,32,3784,11,7,0,5,26,35,1749,2116,234,319,133,185,362,382,421,1092,737,930,280,72,119,34,531,193,1815,1518,815,703,297,115,16,166,0.34002464,11366.8232976,-660,-179,2.54216003, ,, ,,9479305.00562,12598.7929985,4967.14660715668,1473072.54102823
15,4,Better Waverly,2874,389,2363,9,27,0,28,58,92,1251,1623,224,260,109,118,306,507,361,790,199,606,173,63,82,39,351,186,1383,1149,434,715,234,60,29,145,0.28177899,10199.4826231,-153,18,2.46475005, ,, ,,7855516.21228,12435.9439128,4904.53898234751,1221244.40489358
16,3,Beverly Hills,669,389,265,1,3,0,8,3,13,309,360,36,46,20,25,44,95,96,234,73,170,112,39,10,4,48,22,317,289,237,52,28,4,6,18,0.10416271,6422.64387354,-132,-3,2.31487989, ,, ,,2903878.11652,7224.23458232,2849.49098640537,451633.272161164
17,4,Biddle Street,1265,8,1239,0,2,0,6,10,10,601,664,97,129,44,66,139,126,155,315,194,314,78,23,39,4,197,84,601,429,208,221,172,45,4,123,0.11285041,11209.5285785,-209,-64,2.94871997, ,, ,,3146076.54431,8917.46879724,3510.87115999189,488815.630363484
18,4,Blythewood,72,67,0,0,0,0,0,5,3,38,34,2,12,2,5,1,2,12,20,16,21,19,8,2,0,0,0,28,26,26,0,2,0,0,2,0.0758924,948.71155783,44,15,2.76922988, ,, ,,2115750.30817,5922.91512629,2337.64920469683,329168.979465769
19,4,Bolton Hill,4974,2807,1581,10,361,2,53,160,163,2215,2759,139,152,49,41,1496,708,479,1070,840,613,439,125,48,22,126,54,2883,2589,693,1896,294,177,8,109,0.22772467,21842.1651763,-318,-83,1.6516, ,, ,,6348574.22766,11003.0889007,4335.45658302374,986511.210367481
20,2,Boyd-Booth,822,25,776,3,1,0,0,17,8,408,414,60,94,26,40,98,106,89,232,77,187,39,13,21,9,127,54,430,275,74,201,155,9,10,136,0.03873237,21222.556703,-164,-38,2.98908996, ,, ,,1079792.29144,4766.04736674,1876.30225829252,167692.603389888
21,3,Brewers Hill,1511,1249,56,24,39,1,104,38,171,737,774,79,56,24,19,129,526,200,309,169,289,182,49,38,16,69,24,754,691,477,214,63,16,18,29,0.08915617,16947.7876045,17,14,2.18669009, ,, ,,2485521.70245,6423.65016866,2532.1914685508,385971.234525874
22,1,Bridgeview/Greenlawn,1975,7,1943,4,2,0,1,18,11,874,1101,119,162,61,84,183,223,243,663,237,460,141,33,61,19,258,101,927,848,394,454,79,25,7,47,0.28330317,6971.33021795,-335,-47,2.32901, ,, ,,7898007.7019,13013.0661243,5128.29595339946,1227061.20088156
23,2,Broadway East,4931,117,4681,15,17,2,15,84,65,2217,2714,456,478,205,245,547,571,588,1272,569,1082,243,85,141,55,698,351,2617,1680,642,1038,937,219,39,679,0.3463413,14237.4010178,-1905,-523,2.87142992, ,, ,,9655402.7196,12525.8043973,4936.97061451987,1500389.71915254
24,4,Broening Manor,1726,1062,343,28,18,1,231,43,429,847,879,130,133,42,74,167,264,225,464,227,390,213,76,48,22,129,58,706,663,352,311,43,29,8,6,0.1625869,10615.8612734,56,-33,2.60331988, ,, ,,4532644.56683,10987.3393262,4327.60694071641,703668.298106688
25,4,Brooklyn,9996,4788,4051,52,148,2,502,453,1149,4870,5126,1055,1163,378,390,1132,1740,1237,2242,659,2279,937,423,320,171,1022,647,4343,3597,1282,2315,746,450,103,193,0.85331795,11714.2736389,867,-10,2.77870011, ,, ,,23789044.0555,24120.2236069,9497.11186304589,3688823.11686017
26,1,Burleith-Leighton,737,5,711,2,0,0,0,19,3,330,407,55,57,23,26,70,90,72,211,133,187,55,12,23,4,109,40,327,291,196,95,36,4,3,29,0.08452922,8718.87755314,33,-3,2.53264999, ,, ,,2356530.23987,7955.35018446,3136.14396609582,366301.895199647
27,1,Butcher's Hill,1889,1320,349,45,68,0,70,37,130,932,957,123,63,29,28,191,634,328,361,132,351,238,79,22,9,91,34,1025,888,454,434,137,42,38,57,0.07764354,24329.1299953,1,28,2.10247993, ,, ,,2164569.26129,5963.73412866,2351.0751602505,336203.8027984
28,1,Callaway-Garrison,1798,35,1720,9,7,0,7,20,11,819,979,97,130,57,70,197,224,233,516,274,443,174,44,52,16,217,73,769,657,368,289,112,14,9,89,0.190305,9447.99100767,-165,-26,2.72603011, ,, ,,5305377.89996,9848.55363569,3885.32153800752,824957.955203123
29,3,Cameron Village,1435,48,1353,7,0,1,11,15,32,642,793,101,127,41,67,145,215,169,414,156,368,139,41,39,18,190,104,725,630,335,295,95,47,7,41,0.10384221,13819.0422776,-158,-18,2.27143001, ,, ,,2894943.30859,8011.33245619,3159.96874590676,450465.864590233
30,4,Canton,12192,10811,485,45,383,11,222,235,641,6017,6175,512,232,80,88,1253,4835,1738,2192,1262,2126,1603,387,198,55,325,91,7336,6406,3893,2513,930,325,212,393,0.57047339,21371.724141,1305,855,1.87871003, ,, ,,15903821.8414,20047.3307609,7896.71351362586,2469522.37050928
31,2,Canton Industrial Area,0,0,0,0,0,0,0,0,0,0,0,0,0,0,0,0,0,0,0,0,0,0,0,0,0,0,0,0,0,0,0,0,0,0,0,2.48846934,0,0,0,0, ,, ,,69374266.1689,73390.8910249,28924.3944821074,10768272.6667573
32,4,Carroll - Camden Industrial Area,0,0,0,0,0,0,0,0,0,0,0,0,0,0,0,0,0,0,0,0,0,0,0,0,0,0,0,0,0,0,0,0,0,0,0,0.70301747,0,0,0,0, ,, ,,19598923.8584,32614.0264503,12850.1181219428,3042538.52357718
33,3,Carroll Park,0,0,0,0,0,0,0,0,0,0,0,0,0,0,0,0,0,0,0,0,0,0,0,0,0,0,0,0,0,0,0,0,0,0,0,0.34396398,0,0,0,0, ,, ,,9589127.07141,14047.2820415,5532.27620143753,1488742.89398344
34,3,Carroll-South Hilton,1370,40,1315,1,1,0,1,12,13,630,740,84,131,44,62,142,177,169,367,194,340,101,24,47,15,192,76,625,518,315,203,107,27,11,69,0.48509858,2824.168215,-182,-54,2.63513994, ,, ,,13523718.2466,15897.6177032,6266.64729588954,2100162.64543379
35,5,Carrollton Ridge,3645,1222,2162,10,80,1,65,105,108,1752,1893,327,467,173,198,393,484,507,878,218,782,234,108,136,61,412,242,1988,1145,322,823,843,176,51,616,0.22287565,16354.4109497,-1180,-521,3.17118, ,, ,,6213391.71661,10655.0070225,4199.34672629475,964814.104920267
36,3,Cedarcroft,726,633,45,1,28,0,3,16,25,352,374,54,101,26,21,31,35,127,236,95,192,175,94,2,1,15,9,277,263,237,26,14,5,4,5,0.13371576,5429.42693465,137,36,2.74144005, ,, ,,3727766.79431,8018.45088023,3162.53235362878,580271.124722431
37,1,Cedmont,2594,1175,1307,10,50,0,16,36,66,1226,1368,174,214,96,117,205,365,391,757,275,626,382,166,57,20,187,78,1074,976,796,180,98,33,25,40,0.37598718,6899.17136823,13,-32,2.64548993, ,, ,,10481879.1221,15076.2328037,5947.730142862,1630568.64791697
38,2,Cedonia,3316,176,3051,4,15,0,21,49,63,1467,1849,232,298,136,149,364,483,415,940,299,857,391,136,65,29,401,196,1428,1295,742,553,133,77,20,36,0.28220315,11750.4001996,-265,-78,2.56062006, ,, ,,7867340.94531,17746.6729474,7003.79765673965,1223225.61263882
39,2,Central Forest Park,1273,48,1205,1,7,0,1,11,18,606,667,82,100,36,64,121,149,124,374,223,261,119,44,28,8,114,43,571,418,222,196,153,78,19,56,0.1493383,8524.26976047,-216,-96,2.82296991, ,, ,,4163296.35693,8735.00612656,3442.2601980228,647283.16758106
40,2,Central Park Heights,6026,109,5774,11,15,0,22,95,85,2746,3280,492,570,225,297,731,774,713,1572,652,1355,368,97,180,69,807,392,2829,1994,846,1148,835,175,36,624,0.44284568,13607.4487934,-1890,-488,2.95436, ,, ,,12345779.7965,19209.9055291,7579.32276220057,1920356.4583345
41,2,Charles North,1059,216,666,5,100,1,39,32,60,608,451,26,17,6,10,94,209,152,390,155,104,58,10,16,5,30,13,916,716,51,665,200,117,11,72,0.13879817,7629.78315034,-77,-44,1.39664995, ,, ,,3869455.64868,9452.2635282,3726.92354005883,601325.10614786
42,1,Cherry Hill,8367,238,7919,16,21,1,62,110,140,3431,4936,949,1242,398,375,1013,1228,759,1710,693,2096,397,149,193,82,1506,1015,3441,3199,547,2652,242,127,12,103,1.17120628,7143.91659329,595,268,2.61549997, ,, ,,32651226.634,28581.0807665,11253.5899135139,5065329.46738798
43,3,Cheswolde,7270,5654,1053,12,391,11,43,106,170,3296,3974,693,626,248,220,714,1301,733,1353,1382,1661,1354,611,70,30,237,125,3445,3291,1311,1980,154,74,30,50,0.85527834,8500.15670917,876,173,2.20904994, ,, ,,23843696.5583,22004.5813432,8673.51440022168,3711319.35815366
44,4,Chinquapin Park,1309,134,1121,14,7,1,6,26,23,584,725,75,93,50,47,116,140,170,421,197,352,177,48,27,12,148,57,551,525,456,69,26,11,7,8,0.11472921,11409.4739451,-125,-9,2.48380994, ,, ,,3198454.19128,9169.64109685,3615.69174095024,497784.090755384
45,5,Orchard Ridge,546,44,475,9,2,0,7,9,18,216,330,68,80,29,30,60,84,62,103,30,142,9,5,14,8,119,77,273,222,26,196,51,41,10,0,0.27758565,1966.96041383,-1154,-473,2.45946002, ,, ,,7738613.0426,13101.4501548,5161.57963636748,1202695.49246085
46,2,Clifton Park,0,0,0,0,0,0,0,0,0,0,0,0,0,0,0,0,0,0,0,0,0,0,0,0,0,0,0,0,0,0,0,0,0,0,0,0.56029005,0,0,0,0, ,, ,,15619927.8088,16821.5788895,6630.50335855764,2428030.78573643
47,5,Coldspring,1029,165,790,5,35,0,4,30,17,413,616,52,57,22,27,51,109,149,300,262,201,124,49,12,6,65,28,630,608,321,287,22,11,3,8,0.64987672,1583.37721653,149,113,1.69243001, ,, ,,18117450.8196,19438.0557115,7671.0594011314,2818668.62752737
48,5,Coldstream Homestead Montebello,7266,118,6972,21,31,0,16,108,102,3337,3929,489,732,310,365,818,911,842,1917,882,1714,486,151,211,63,1017,432,3140,2428,1257,1171,712,208,60,444,0.51473833,14115.9099058,-1471,-327,2.96169996, ,, ,,14350023.8718,16776.7022175,6611.66103718158,2230811.68979617
49,3,Concerned Citizens Of Forest Park,1153,12,1126,1,2,0,1,11,12,523,630,58,97,48,65,138,122,118,341,166,288,98,33,30,13,160,59,546,432,238,194,114,44,20,50,0.07988739,14432.8142023,-177,-39,2.63193988, ,, ,,2227123.98059,6062.79487366,2390.44237125424,346223.984500308
50,4,Coppin Heights/Ash-Co-East,2660,13,2592,7,10,3,7,28,20,1210,1450,189,273,119,131,295,316,292,719,326,604,164,43,79,21,361,159,1269,891,457,434,378,78,28,272,0.1919624,13856.8801631,-444,-202,2.97979998, ,, ,,5351583.22021,11178.8324314,4404.61993891108,831569.145217574
51,4,Cross Country,5157,4039,822,2,175,0,50,69,111,2340,2817,483,614,242,251,461,674,481,1015,936,1143,921,457,58,26,164,85,2130,1989,1037,952,141,64,32,45,0.59240599,8705.17868903,492,19,2.51154994, ,, ,,16515265.0901,20723.1047216,8172.11748501251,2570528.28300522
52,1,Cross Keys,856,725,85,0,25,1,5,15,15,344,512,9,18,4,1,17,89,60,272,386,169,143,18,3,1,23,5,729,625,497,128,104,18,20,66,0.2782102,3076.81019608,-3,-15,1.36960005, ,, ,,7756024.39581,15970.1196754,6306.08790302485,1206742.60377297
53,1,Curtis Bay,4063,2512,1086,30,104,0,88,243,227,2028,2035,386,395,113,122,430,706,528,1051,332,943,456,170,144,67,343,189,1904,1528,618,910,376,232,48,96,0.51111181,7949.33687397,81,-35,2.65902996, ,, ,,14248922.6328,18848.7254652,7427.24144928146,2208936.04600132
54,5,Curtis Bay Industrial Area,0,0,0,0,0,0,0,0,0,0,0,0,0,0,0,0,0,0,0,0,0,0,0,0,0,0,0,0,0,0,0,0,0,0,0,0.41878134,0,0,0,0, ,, ,,11674907.0447,26426.0022185,10404.7546951224,1809891.54486212
55,4,Cylburn,2357,43,2245,18,5,0,12,34,26,1065,1292,154,208,99,84,211,284,247,671,399,591,213,55,62,20,316,138,1047,950,523,427,97,35,9,53,0.22094155,10667.9796573,-229,7,2.48105001, ,, ,,6159472.37085,10917.6891408,4305.99120926019,958197.175184418
56,4,Darley Park,1218,7,1189,1,6,0,0,15,7,585,633,94,128,57,61,138,144,145,312,139,278,76,24,34,15,168,66,525,378,181,197,147,42,10,95,0.05196522,23438.749595,-334,-87,3.22221994, ,, ,,1448701.6568,5721.58775897,2253.87623241251,225163.2533343
57,4,Dickeyville,156,143,9,0,0,0,1,3,6,73,83,12,5,0,1,3,15,19,67,34,33,28,9,1,0,4,1,88,84,81,3,4,0,0,4,0.21312911,731.95066533,-143,-7,1.85713994, ,, ,,5941675.0459,12376.9271279,4882.77264352784,923495.943447119
58,2,Dolfield,2156,48,2065,12,10,0,4,17,17,931,1225,147,175,75,90,191,251,251,610,366,517,168,46,45,20,304,132,935,792,396,396,143,41,9,93,0.17005855,12677.9864541,-87,-55,2.61364006, ,, ,,4740941.33044,8664.08439952,3415.2355164074,737318.618469204
59,4,Dorchester,1700,17,1659,3,6,0,3,12,17,797,903,128,146,87,87,172,211,181,479,209,396,131,52,57,22,208,88,760,598,301,297,162,30,7,125,0.19057692,8920.28262498,-118,-71,2.82106995, ,, ,,5312958.39124,9388.65762023,3703.15501016767,826141.704090128
60,2,Downtown,4448,2161,1126,12,927,6,65,151,234,2259,2189,98,40,21,17,1017,1999,512,634,110,417,310,75,37,14,70,31,3228,2600,137,2463,628,349,133,146,0.40735121,10919.324132,2592,1550,1.48385, ,, ,,11356254.808,14822.4431569,5837.42721251919,1763829.54964131
61,2,Druid Heights,1497,19,1454,5,4,0,2,13,11,732,765,105,129,68,72,165,193,162,432,171,292,64,22,46,16,182,90,1074,591,173,418,483,55,22,406,0.09051564,16538.5774252,-402,-184,2.50931, ,, ,,2523421.25824,8006.28513642,3154.65296824345,392122.158385352
62,4,Druid Hill Park,0,0,0,0,0,0,0,0,0,0,0,0,0,0,0,0,0,0,0,0,0,0,0,0,0,0,0,0,0,0,0,0,0,0,0,0.97471749,0,0,0,0, ,, ,,27173455.5836,22839.3689017,9003.26725400613,4224309.79017386
63,3,Dunbar-Broadway,889,47,734,1,91,0,1,15,8,343,546,75,102,24,28,154,166,74,197,69,170,25,11,9,3,136,80,385,367,1,366,18,14,0,4,0.17156584,5181.68389101,-289,-211,1.98909997, ,, ,,4782962.25366,9686.2090653,3816.0897574174,742982.847935844
64,3,Dundalk Marine Terminal,0,0,0,0,0,0,0,0,0,0,0,0,0,0,0,0,0,0,0,0,0,0,0,0,0,0,0,0,0,0,0,0,0,0,0,0.42808836,0,0,0,0, ,, ,,11934370.9047,15859.5375769,6253.56003808723,1851391.12767601
65,4,East Arlington,2432,18,2368,0,8,2,8,28,27,1036,1396,160,231,96,95,248,342,289,640,331,635,196,69,82,30,357,167,1067,1000,481,519,67,41,11,15,0.12934849,18801.9198561,-27,-37,2.43199992, ,, ,,3606014.60455,8629.66873564,3403.33964455162,560714.483189262
66,2,East Baltimore Midway,3034,40,2924,13,20,0,0,37,13,1407,1627,227,291,122,120,337,364,365,824,384,708,195,57,83,25,430,164,1556,1019,511,508,537,142,43,352,0.29982052,10119.3872211,-1105,-303,2.9774301, ,, ,,8358483.11853,12869.3724826,5069.50378099926,1299089.25768098
67,3,Easterwood,1596,31,1539,6,3,0,1,16,26,727,869,114,160,73,85,182,204,177,412,189,353,93,27,41,16,219,108,775,561,291,270,214,39,5,170,0.07724201,20662.3289462,-139,-93,2.84491991, ,, ,,2153375.28192,5925.67131761,2336.48632013201,334611.535327209
68,5,Eastwood,577,486,25,1,10,1,29,25,74,281,296,34,40,14,16,58,101,81,144,89,137,84,31,19,7,34,13,270,253,188,65,17,4,6,7,0.02804998,20570.4229888,36,0,2.28063011, ,, ,,781985.497559,4183.80177465,1650.81199651546,121453.234464213
69,3,Edmondson Village,3940,30,3832,6,2,0,4,66,32,1712,2228,272,298,185,179,464,475,404,1043,620,1044,334,89,100,33,610,274,1666,1493,943,550,173,64,19,90,0.18583065,21202.0994404,-524,-89,2.63697004, ,, ,,5180640.56824,9828.19310202,3875.51622496638,804798.908379802
70,2,Ednor Gardens-Lakeside,5185,802,4153,10,93,0,25,102,70,2284,2901,290,363,159,167,375,699,683,1464,985,1244,646,188,95,39,503,181,2410,2261,1604,657,149,72,29,48,0.51069282,10152.8741069,117,333,2.27775001, ,, ,,14237242.0117,18899.6803598,7454.12480957049,2213913.3851645
71,5,Ellwood Park/Monument,3580,415,2647,44,72,7,276,119,501,1738,1842,323,416,163,180,486,601,435,795,181,789,217,77,94,46,478,261,1363,1047,365,682,316,175,26,115,0.13944485,25673.2306233,74,-31,3.41929006, ,, ,,3887483.97998,8537.08038854,3363.06825895808,603899.236456825
72,1,Evergreen,382,348,9,2,9,0,0,14,9,182,200,26,41,3,8,12,53,77,126,36,98,76,38,6,1,16,9,216,185,128,57,31,10,7,14,0.0575549,6637.14009299,-25,-22,2.04324007, ,, ,,1604532.38177,5208.91302586,2054.55923585193,249601.616890476
73,4,Evergreen Lawn,1132,10,1082,2,3,0,8,27,19,523,609,72,88,39,59,114,115,130,345,170,273,102,35,36,8,135,51,441,399,283,116,42,8,3,31,0.0534031,21197.2687424,-91,-47,2.83709001, ,, ,,1488787.2088,5620.07789752,2214.00259685287,231271.798537904
74,3,Fairfield Area,159,105,43,0,1,0,7,3,19,72,87,13,16,4,1,11,30,24,46,14,32,13,5,2,1,17,13,100,69,9,60,31,17,5,9,2.4042995,66.13152802,-60,0,2.30434989, ,, ,,67027755.1611,82665.3372976,32559.6603654079,10395167.5960484
75,1,Fairmont,347,10,322,7,1,0,3,4,2,166,181,21,22,4,11,32,29,42,101,85,82,40,5,11,3,31,7,164,143,104,39,21,8,5,8,0.16566149,2094.63279645,-37,-20,2.42656993, ,, ,,4618358.94159,10861.3220666,4279.96713563762,717666.536661635
76,1,Fallstaff,4219,1575,2031,23,102,25,382,81,589,1958,2261,343,331,140,176,431,607,494,1109,588,965,525,225,123,39,317,160,1935,1789,649,1140,146,108,13,25,0.2955371,14275.7031028,312,96,2.3543899, ,, ,,8239068.73517,13936.1099191,5501.80049844273,1282301.73661058
77,4,Federal Hill,2600,2315,132,5,86,0,13,49,79,1349,1251,123,71,9,19,358,933,345,537,205,424,366,102,23,9,35,16,1554,1395,670,725,159,83,27,49,0.14891493,17459.6324902,198,101,1.83369004, ,, ,,4151493.45752,10057.5163426,3961.88443223413,644569.583287341
78,3,Fells Point,3976,3074,349,19,208,6,195,125,444,2141,1835,119,66,16,29,377,1467,621,937,344,620,475,92,62,17,83,29,2807,2246,681,1565,561,293,55,213,0.28805982,13802.6883426,924,542,1.67808997, ,, ,,8030614.92358,22094.1653683,8706.83983411742,1247024.1103719
79,5,Forest Park,1560,25,1504,8,1,0,5,17,35,681,879,96,102,45,64,177,169,180,500,227,367,137,38,46,21,184,59,933,667,275,392,266,54,6,206,0.15508019,10059.3117376,-147,-40,2.33882999, ,, ,,4323370.34277,9202.00078833,3627.25269427951,672114.431665717
80,4,Forest Park Golf Course,392,11,376,0,0,0,2,3,9,185,207,34,36,9,14,45,35,45,103,71,93,34,9,18,7,41,15,136,126,105,21,10,1,1,8,0.10300755,3805.54626503,61,0,3.11110997, ,, ,,2871674.21552,7965.56585941,3139.34730776617,446431.082243344
81,4,Frankford,17694,2092,14595,67,400,4,115,421,362,8056,9638,1383,1708,654,748,2180,2672,2269,4617,1463,4175,1761,679,432,211,1982,1191,7894,7137,2970,4167,757,430,106,221,2.12482169,8327.28694902,902,31,2.44359993, ,, ,,59236392.2885,38658.586818,15242.2176927262,9210351.61493126
82,1,Franklin Square,2967,98,2728,22,11,0,62,46,108,1432,1535,249,275,103,118,324,369,351,859,319,649,144,39,84,38,421,207,1861,1172,296,876,689,168,23,498,0.17211564,17238.4092852,-585,-220,2.5, ,, ,,4798289.71259,9307.5247021,3667.77387417115,745246.38520442
83,1,Franklintown,1282,88,1170,4,1,0,9,10,28,559,723,120,155,59,60,164,212,159,287,66,316,102,44,32,17,182,117,546,500,107,393,46,28,2,16,0.59535569,2153.3345669,-132,-60,2.54999995, ,, ,,16597497.8454,22917.3236487,9030.95395753824,2578957.83800678
84,1,Franklintown Road,1940,5,1885,5,8,0,6,31,31,909,1031,136,157,71,98,210,218,183,553,314,425,117,33,55,19,253,110,962,793,338,455,169,59,33,77,0.12289767,15785.4894218,-425,-173,2.44640994, ,, ,,3426176.92828,8198.19106805,3233.30889538541,532240.862181434
85,1,Garwyn Oaks,1132,19,1100,0,1,0,0,12,6,520,612,71,107,37,46,126,120,142,330,153,247,107,27,22,11,118,49,673,404,196,208,269,18,13,238,0.13135706,8617.7321378,-442,-169,2.76237988, ,, ,,3662010.15057,8082.23702759,3188.92258959081,569203.798313492
86,5,Gay Street,1998,21,1943,0,13,0,3,18,16,775,1223,227,288,104,90,229,262,171,359,268,441,70,33,25,9,346,240,927,800,83,717,127,50,5,72,0.10959025,18231.5479262,-80,-19,2.47749996, ,, ,,3055188.76477,7137.34782527,2814.42543494685,474661.032873622
87,2,Glen,7876,2949,4624,16,72,6,92,117,154,3605,4271,511,693,293,322,703,797,767,2103,1687,1822,1055,404,160,63,607,227,3630,3381,1641,1740,249,107,42,100,0.74724458,10540.0563738,-235,-51,2.36824011, ,, ,,20831899.9731,21572.490575,8507.22120488544,3241503.87269752
88,2,Glen Oaks,2887,212,2558,11,37,4,11,54,55,1282,1605,202,284,117,125,405,397,357,785,215,735,287,124,82,36,366,195,1300,1171,538,633,129,82,15,32,0.26925678,10722.1069082,-45,-30,2.46540999, ,, ,,7506418.2381,13893.7429567,5487.19024907171,1168299.42442069
89,3,Glenham-Belhar,6175,2314,3573,31,59,1,43,154,124,2805,3370,390,543,242,304,554,855,860,1725,702,1476,775,326,138,67,563,305,2674,2422,1715,707,252,84,56,112,0.74944236,8239.45946394,86,-38,2.4913299, ,, ,,20893170.4968,19395.6743412,7645.95727419031,3250462.43052966
90,2,Graceland Park,2011,1444,224,39,71,0,162,71,410,997,1014,137,157,45,55,205,312,215,562,323,465,296,93,52,14,117,51,830,741,551,190,89,31,24,34,0.31253865,6434.40411715,292,35,2.69095993, ,, ,,8713042.74908,17767.5656333,7007.62292825649,1352916.19092802
91,5,Greektown,3678,2401,251,41,56,11,777,141,1293,1925,1753,289,281,124,86,346,844,454,777,477,827,508,199,115,41,204,99,1510,1309,664,645,201,98,38,65,0.22444475,16387.1060852,384,-5,2.80977988, ,, ,,6257135.61041,13857.8461456,5461.94546169015,971690.947119659
92,3,Greenmount Cemetery,0,0,0,0,0,0,0,0,0,0,0,0,0,0,0,0,0,0,0,0,0,0,0,0,0,0,0,0,0,0,0,0,0,0,0,0.1068963,0,0,0,0, ,, ,,2980085.94446,6951.22402897,2741.12715418063,463091.679010037
93,5,Greenmount West,1339,331,960,5,20,0,2,21,14,697,642,83,86,35,30,215,289,164,342,95,241,72,23,37,10,132,68,854,570,135,435,284,102,16,166,0.10012821,13372.8536277,144,90,2.31052994, ,, ,,2791403.33923,7365.44437598,2904.05657095852,433770.237662263
94,3,Greenspring,3436,22,3357,5,7,1,3,41,17,1512,1924,338,347,152,173,400,445,360,799,422,856,235,72,94,43,527,281,1513,1187,576,611,326,130,56,140,0.1738566,19763.414123,-562,-165,2.8761599, ,, ,,4846824.47223,9653.22740119,3807.90800608816,753771.616676844
95,5,Grove Park,1934,21,1859,10,4,0,5,35,19,832,1102,126,129,76,83,201,218,197,517,387,489,192,54,53,21,244,124,945,871,406,465,74,38,5,31,0.34330437,5633.48493242,-239,63,2.21929001, ,, ,,9570738.28607,12781.6548805,5040.05907462933,1488568.20430481
96,4,Guilford,2214,1810,221,2,100,3,16,62,70,1099,1115,132,218,80,79,139,134,327,775,330,610,552,232,13,6,45,20,941,876,791,85,65,7,7,51,0.55272714,4005.59300369,116,65,2.52740001, ,, ,,15409086.9055,19160.9559939,7558.17091527626,2396565.35966683
97,5,Gwynns Falls,1184,641,479,9,3,0,12,40,51,593,591,85,116,47,58,117,167,166,327,101,285,137,52,49,22,99,47,511,439,244,195,72,19,8,45,0.17874824,6623.84126819,1,-28,2.69704008, ,, ,,4983195.13336,10144.0197385,3995.74903429346,773691.574394329
98,2,Gwynns Falls/Leakin Park,0,0,0,0,0,0,0,0,0,0,0,0,0,0,0,0,0,0,0,0,0,0,0,0,0,0,0,0,0,0,0,0,0,0,0,0.74538332,0,0,0,0, ,, ,,20780011.3057,35837.0456845,14123.3003151686,3228695.4632618
99,5,Hampden,6963,6208,314,18,186,1,60,176,221,3371,3592,356,304,114,126,640,1912,1005,1566,940,1417,933,248,170,69,314,131,3858,3432,1913,1519,426,164,68,194,0.61445428,11332.0066295,-499,-35,2.01980996, ,, ,,17129933.7401,19317.3123965,7618.18803748123,2663581.31805596
100,2,Hanlon-Longwood,2311,23,2222,2,2,0,18,44,35,1029,1282,123,216,89,101,211,290,269,641,371,564,183,53,66,22,315,122,1133,898,533,365,235,60,25,150,0.43518338,5310.40493297,-378,-148,2.57349991, ,, ,,12132167.9788,15975.3898448,6296.49370414786,1885779.09516557
101,1,Hamilton Hills,9752,2495,6837,17,94,1,89,219,266,4522,5230,777,885,324,373,1091,1482,1335,2670,815,2427,1152,421,258,132,1017,598,4410,4054,1972,2082,356,198,51,107,1.14193358,8539.90117559,-28,-100,2.40305995, ,, ,,31835154.025,26493.0839559,10452.2163946548,4954534.05942308
102,4,Harlem Park,3654,43,3524,7,22,0,6,52,29,1747,1907,236,287,118,128,400,419,405,1011,650,715,176,56,112,31,427,220,2648,1579,345,1234,1069,203,38,828,0.31217524,11704.9641194,-1065,-320,2.25205993, ,, ,,8702911.43793,12560.7674714,4947.05012423218,1351904.16331377
103,3,Harwood,1575,324,1174,5,25,0,10,37,44,717,858,117,133,66,59,214,281,230,350,125,331,128,40,34,13,169,83,749,570,303,267,179,62,19,98,0.07093151,22204.5176238,-208,1,2.75439, ,, ,,1977449.14349,5914.2249559,2333.27295384345,307389.69202432
104,2,Hawkins Point,0,0,0,0,0,0,0,0,0,0,0,0,0,0,0,0,0,0,0,0,0,0,0,0,0,0,0,0,0,0,0,0,0,0,0,1.96445879,0,0,0,0, ,, ,,54765749.11,55783.9116388,21950.0044109891,8486319.23077407
105,2,Heritage Crossing,1029,30,958,2,17,0,5,17,25,428,601,102,123,34,45,139,145,128,252,61,254,61,26,27,16,166,104,446,437,156,281,9,5,0,4,0.08518165,12080.0659703,629,244,2.35469007, ,, ,,2374718.72424,7775.35161601,3064.72760692382,368890.112201078
106,3,Herring Run Park,0,0,0,0,0,0,0,0,0,0,0,0,0,0,0,0,0,0,0,0,0,0,0,0,0,0,0,0,0,0,0,0,0,0,0,0.24079362,0,0,0,0, ,, ,,6712914.21143,12150.6498692,4792.54257337933,1043788.73569418
107,1,Highlandtown,2666,1779,336,25,36,0,396,94,750,1414,1252,201,145,67,73,283,664,391,563,279,534,306,112,87,33,141,54,1315,1077,637,440,238,85,43,110,0.14210869,18760.2877308,-155,-73,2.46982002, ,, ,,3961747.18439,8604.63357209,3388.37269557919,615284.495704505
108,5,Hillen,2344,110,2178,2,10,0,10,34,24,1085,1259,146,187,89,91,277,289,260,669,336,584,254,76,62,27,268,111,980,898,679,219,82,39,20,23,0.16870856,13893.781802,-328,-84,2.61023998, ,, ,,4703306.06403,9382.39289607,3702.14414386971,731550.902093215
109,2,Hoes Heights,865,626,145,4,56,2,8,24,28,421,444,51,38,16,19,62,185,142,232,120,209,134,48,26,4,49,23,461,428,272,156,33,10,6,17,0.07752859,11157.1733356,-69,-11,2.02102994, ,, ,,2161364.60468,6676.30227241,2634.45028174205,336164.791980285
110,1,Holabird Industrial Park,0,0,0,0,0,0,0,0,0,0,0,0,0,0,0,0,0,0,0,0,0,0,0,0,0,0,0,0,0,0,0,0,0,0,0,0.56413698,0,0,0,0, ,, ,,15727173.5887,32082.3003456,12641.2727947456,2440996.98193446
111,4,Hollins Market,1838,561,1169,6,39,1,21,41,53,947,891,101,130,49,63,205,412,303,474,101,343,128,47,55,11,160,94,1144,853,220,633,291,86,31,174,0.10695453,17184.872841,-212,1,2.1547501, ,, ,,2981709.24518,7921.82652751,3118.99768471368,463064.283213221
112,5,Homeland,3201,2782,232,5,116,0,18,48,80,1558,1643,256,311,101,108,232,230,502,1028,433,827,742,380,23,14,62,29,1191,1143,1019,124,48,11,15,22,0.61573724,5198.64609599,113,8,2.6098001, ,, ,,17165700.412,18261.9585575,7203.07440450801,2671278.62679061
113,2,Hopkins Bayview,103,53,32,0,8,0,9,1,15,46,57,2,3,1,2,2,17,12,20,44,11,7,1,0,0,4,2,22,20,11,9,2,0,1,1,0.41529041,248.0192095,-355,-99,2.40000009, ,, ,,11577585.943,16512.9543105,6503.62852691871,1798264.51406562
114,1,Howard Park,5929,174,5588,16,19,0,36,96,104,2737,3192,305,442,224,242,519,609,714,1799,1075,1438,671,185,146,44,621,235,2578,2335,1521,814,243,84,26,133,1.05748092,5606.72051356,-189,43,2.51777005, ,, ,,29480758.3174,24848.8998103,9803.20286224649,4583867.21295708
115,4,Hunting Ridge,1296,365,882,3,4,1,5,36,25,613,683,96,98,45,36,107,146,192,398,178,349,214,85,31,13,104,45,616,563,398,165,53,26,12,15,0.26182773,4949.81936793,125,46,2.30194997, ,, ,,7299309.16382,11845.6394585,4667.90524249432,1133893.51815998
116,4,Idlewood,2676,349,2228,1,25,1,23,49,65,1200,1476,173,256,114,129,253,401,384,754,212,700,316,146,64,24,320,160,1144,1084,848,236,60,15,34,11,0.20800497,12865.0766365,-34,4,2.46217989, ,, ,,5798822.81958,10299.3910147,4061.45003181809,902641.305776259
117,5,Inner Harbor,1484,1144,125,2,158,0,22,33,81,758,726,58,17,1,3,93,460,240,447,165,317,277,45,17,6,23,8,1443,922,437,485,521,90,246,185,0.24140182,6147.42658185,843,502,1.58677005, ,, ,,6729869.74377,37141.6983457,14637.4005518571,1045049.21738507
118,1,Irvington,4167,429,3593,22,13,1,12,97,55,1863,2304,308,413,196,205,436,579,478,1130,422,983,340,126,107,47,536,307,1740,1510,713,797,230,82,20,128,0.88885172,4688.07101131,-234,-103,2.60595989, ,, ,,24779664.7764,27199.0179338,10714.7294145838,3847358.34692352
119,2,Johns Hopkins Homewood,669,394,28,1,203,1,9,33,41,364,305,4,0,0,5,646,8,4,2,0,4,1,1,1,0,2,2,13,9,3,6,4,3,0,1,0.25650034,2608.18357943,-1302,0,2, ,, ,,7150790.74078,13201.7722929,5209.63678169468,1111840.57191347
120,1,Johnston Square,1906,36,1831,7,3,0,11,18,20,867,1039,112,154,80,87,197,189,200,640,247,452,114,32,49,17,289,103,1054,793,337,456,261,27,18,216,0.17087755,11154.1857041,-821,-174,2.40352988, ,, ,,4763773.82037,10541.961704,4152.60270858609,740157.253224466
121,1,Jones Falls Area,0,0,0,0,0,0,0,0,0,0,0,0,0,0,0,0,0,0,0,0,0,0,0,0,0,0,0,0,0,0,0,0,0,0,0,0.28001205,0,0,0,0, ,, ,,7806256.90228,23820.9785513,9395.07808687411,1213420.61524574
122,1,Jonestown,1367,318,918,8,67,0,21,35,63,786,581,101,122,28,33,120,302,185,433,43,228,80,37,13,8,135,84,432,381,127,254,51,30,13,8,0.13445953,10166.6275177,814,308,2.50656008, ,, ,,3748501.68243,8888.95556141,3504.06306569835,582205.966860583
123,4,Bayview,2263,1481,234,7,123,0,342,76,519,1151,1112,189,133,53,74,221,479,284,522,308,502,285,124,76,31,141,62,1114,968,520,448,146,60,20,66,0.09341616,24224.9290561,87,-75,2.32851004, ,, ,,2604282.83197,7482.44762484,2946.18101701263,404467.705943667
124,5,Kenilworth Park,1206,25,1167,1,2,0,3,8,10,546,660,74,98,37,51,96,130,152,349,219,325,156,38,30,9,139,63,545,494,315,179,51,27,7,17,0.14503175,8315.42018599,-176,-47,2.44129991, ,, ,,4043237.16125,9251.86041756,3652.39956921505,629023.506088074
125,1,Kernewood,726,326,354,0,19,0,12,15,20,330,396,46,63,35,34,66,76,92,219,95,166,99,52,16,6,51,23,321,256,200,56,65,8,4,53,0.07195671,10089.3991804,203,45,2.75, ,, ,,2006029.99976,6813.50184974,2686.12709035059,312056.644241517
126,5,Keswick,650,553,42,0,39,0,0,16,13,294,356,34,44,20,13,22,63,106,212,136,181,151,54,6,3,24,12,322,313,273,40,9,3,1,5,0.07997295,8127.74761251,26,0,2.07667994, ,, ,,2229509.13074,8852.93405767,3490.13873496829,346791.829593645
127,5,Kresson,440,201,116,2,13,0,97,11,145,247,193,30,36,17,18,54,92,72,97,24,86,31,17,19,4,36,22,191,152,47,105,39,19,4,16,0.26794341,1642.13775517,43,16,2.8947401, ,, ,,7469803.85406,13318.7104578,5248.25551580261,1160357.15817637
128,2,Lake Evesham,543,427,90,2,5,0,3,16,11,275,268,39,47,12,13,80,72,88,142,50,123,87,41,9,4,27,19,253,228,146,82,25,8,10,7,0.07108995,7638.20983542,60,1,2.38158011, ,, ,,1981866.29706,6184.79022424,2438.28190961036,308471.768997738
129,4,Lake Walker,2095,1063,762,3,89,5,119,54,183,955,1140,174,116,40,32,288,393,282,513,257,419,242,108,48,23,129,66,1190,1059,424,635,131,96,11,24,0.20295479,10322.495743,10,-97,1.96977996, ,, ,,5658032.30444,10861.4900577,4282.33356417958,880731.623587335
130,2,Lakeland,4551,1370,2509,12,132,3,421,104,889,2289,2262,403,537,195,216,492,813,590,968,337,1069,469,217,158,85,442,257,1739,1581,736,845,158,85,22,51,0.54808907,8303.39480187,271,47,2.87792992, ,, ,,15279785.4267,15962.7856109,6283.40698033073,2370830.06053769
131,3,Langston Hughes,1036,9,1006,0,0,0,8,13,12,492,544,67,115,44,42,111,112,126,290,129,236,76,24,24,13,136,55,435,332,175,157,103,30,9,64,0.06047174,17131.9684654,-132,-48,3.12048006, ,, ,,1685848.70587,5157.41982752,2033.95993572096,262228.778789225
132,4,Lauraville,4151,1698,2222,22,52,1,47,109,120,1930,2221,231,345,159,178,352,559,559,1241,527,944,562,205,80,34,302,143,1703,1549,1139,410,154,55,28,71,0.59131377,7019.96163541,-224,-78,2.58811998, ,, ,,16484815.9441,20785.0176964,8198.27626668121,2564380.63512818
133,3,Levindale,1218,180,1018,5,1,0,0,14,10,564,654,39,53,22,34,75,72,87,352,484,197,82,14,20,5,95,41,531,493,182,311,38,31,0,7,0.14782164,8239.65943807,-21,-2,1.89249002, ,, ,,4121014.42145,8920.87333244,3517.01278305508,641181.119463008
134,3,Liberty Square,770,9,740,1,2,0,9,9,3,323,447,41,42,15,35,74,88,91,214,170,174,52,14,25,5,97,41,405,371,83,288,34,16,3,15,0.11702097,6580.01691402,9,55,2.07546997, ,, ,,3262344.52155,8544.12919782,3367.3333245692,507139.27314275
135,4,Little Italy,576,494,21,0,21,0,21,19,50,300,276,27,6,2,1,51,169,91,134,95,105,72,17,12,1,21,3,393,322,172,150,71,33,16,22,0.05003339,11512.310429,23,35,1.78882002, ,, ,,1394845.48022,5216.83209646,2055.52235706614,216617.112101953
136,5,Loch Raven,6163,505,5422,4,120,0,22,90,110,2557,3606,347,474,191,216,653,914,701,1647,1020,1401,614,184,125,53,662,322,2978,2838,1143,1695,140,62,23,55,0.57044916,10803.7672261,133,92,2.10747003, ,, ,,15903146.4045,19133.1953623,7550.71745383596,2474929.53978748
137,1,Locust Point,2138,2019,27,7,53,1,10,21,37,1081,1057,117,55,23,30,173,714,319,508,199,461,355,103,39,10,67,18,1292,1046,741,305,246,40,127,79,0.13429989,15919.5955366,209,151,2.03823995, ,, ,,3744051.20007,9958.62568444,3924.47622857481,581165.447169725
138,4,Locust Point Industrial Area,642,547,33,1,31,0,9,21,23,336,306,69,13,2,3,60,199,121,137,38,159,139,52,12,5,8,1,388,289,230,59,99,20,55,24,0.79815532,804.35471514,565,260,2.20414996, ,, ,,22251204.4357,58571.145484,23078.7973558825,3453732.26838166
139,3,Lower Herring Run Park,0,0,0,0,0,0,0,0,0,0,0,0,0,0,0,0,0,0,0,0,0,0,0,0,0,0,0,0,0,0,0,0,0,0,0,0.08696272,0,0,0,0, ,, ,,2424371.80109,8050.46560866,3174.10726327674,376867.25375972
140,3,Loyola/Notre Dame,3208,2780,188,7,108,1,40,84,158,1195,2013,2,0,2,6,3132,32,3,22,9,13,11,4,1,0,1,0,15,15,13,2,0,0,0,0,0.30078127,10665.5576581,-864,-481,2.66667008, ,, ,,8385267.05878,17177.4418963,6776.80773411416,1304514.1235583
141,5,Lucille Park,567,9,548,3,1,0,0,6,5,301,266,40,48,11,24,64,59,99,172,50,110,26,8,11,5,73,28,220,159,75,84,61,7,1,53,0.10481052,5409.76194567,51,-1,3.05660009, ,, ,,2921938.10504,9489.16611502,3738.58848081018,454453.591594487
142,1,Madison Park,2134,305,1730,8,31,2,9,49,38,986,1148,191,215,62,65,317,379,237,502,166,403,93,25,39,20,271,191,1316,1033,101,932,283,147,13,123,0.15908533,13414.1842004,-6,-55,1.98837995, ,, ,,4435026.88953,14263.2063374,5622.31201191104,689098.702660374
143,2,Madison-Eastend,2487,54,2371,10,6,0,15,31,53,1141,1346,271,297,112,152,293,316,294,555,197,599,151,54,66,27,382,200,916,746,312,434,170,73,6,91,0.104293,23846.2791761,30,1,3.31903004, ,, ,,2907510.34772,7197.11549344,2835.09136998661,451710.836470216
144,4,Mayfield,861,638,166,1,17,0,3,36,24,404,457,59,43,25,27,63,96,126,328,94,224,172,66,10,3,42,18,375,354,319,35,21,2,9,10,0.13002813,6621.6436321,-95,-15,2.41525006, ,, ,,3624961.97546,8117.6170454,3200.23414523658,563616.608905717
145,3,McElderry Park,4033,382,3238,33,48,0,190,142,473,1916,2117,411,524,202,230,533,615,522,790,206,877,229,107,109,43,539,325,1719,1172,341,831,547,187,52,308,0.12646332,31890.6680099,-426,-156,3.43857002, ,, ,,3525581.13281,8044.49245947,3169.38744775183,547674.924108666
146,3,Medfield,2748,2074,337,7,216,0,48,66,113,1323,1425,141,158,77,58,251,671,425,669,298,634,419,149,50,28,165,84,1406,1327,787,540,79,39,17,23,0.2601958,10561.277269,-12,-8,2.07083988, ,, ,,7253813.60577,10675.3331909,4211.80938361102,1128205.06723077
147,3,Medford,1412,664,379,16,35,2,251,65,423,721,691,107,101,25,46,165,281,202,342,143,317,152,50,56,21,109,56,610,578,202,376,32,21,2,9,0.154009,9168.29518053,229,24,2.44290995, ,, ,,4293507.41455,8548.49517543,3367.63177415659,666628.340581909
148,4,Mid-Govans,1465,135,1271,2,21,0,1,35,18,661,804,103,150,66,77,153,188,185,390,153,352,149,58,30,14,173,78,596,512,349,163,84,27,13,44,0.12883738,11370.9227161,-75,-47,2.84570002, ,, ,,3591765.91461,7206.92224899,2841.9622997349,558906.517202468
149,3,Mid-Town Belvedere,3830,2298,1001,17,329,0,39,146,178,1957,1873,66,45,9,15,655,1468,520,761,291,365,261,37,42,9,62,21,3005,2550,413,2137,455,263,31,161,0.2209043,17337.8239361,636,325,1.44471001, ,, ,,6158434.02692,10698.2351905,4218.14090592519,956864.18901642
150,5,Middle Branch/Reedbird Parks,0,0,0,0,0,0,0,0,0,0,0,0,0,0,0,0,0,0,0,0,0,0,0,0,0,0,0,0,0,0,0,0,0,0,0,0.36427893,0,0,0,0, ,, ,,10155473.2048,30219.7238129,11902.4287439409,1575430.00527348
151,1,Middle East,1484,54,1408,2,6,0,8,6,26,667,817,117,152,41,63,158,174,146,376,257,313,86,23,43,15,184,100,913,628,155,473,285,32,7,246,0.19801392,7494.42229724,-2069,-518,2.33438992, ,, ,,5520289.41888,9473.71666889,3733.61352355213,857652.265934219
152,2,Midtown-Edmondson,1663,19,1623,1,1,0,5,14,7,807,856,102,174,56,88,206,199,179,474,185,382,99,26,50,12,233,94,1112,544,211,333,568,28,10,530,0.14956529,11118.8898587,-665,-255,3.0569899, ,, ,,4169624.33594,11871.3813816,4680.29652727856,647711.917104373
153,2,Millhill,1787,711,917,8,36,1,54,60,93,846,941,149,202,76,92,191,227,200,466,184,374,159,66,40,13,175,103,843,672,224,448,171,36,10,125,0.20979569,8517.81061801,-63,-34,2.65922999, ,, ,,5848744.91077,11528.4022207,4543.96381189516,908114.25283348
154,5,Milton-Montford,1391,21,1305,9,10,0,23,23,39,623,768,153,162,58,61,200,188,154,327,88,315,67,33,56,17,192,92,744,416,139,277,328,39,6,283,0.056786,24495.4721484,-156,-63,3.34375, ,, ,,1583096.62482,5033.45719594,1984.16143709269,245949.151371347
155,2,Mondawmin,3512,41,3374,13,13,2,14,55,51,1488,2024,180,256,115,136,902,370,314,786,453,643,178,51,92,27,373,160,1522,1145,478,667,377,79,11,287,0.38277174,9175.18081482,-44,-170,2.5301299, ,, ,,10671021.2176,13837.7520233,5453.90427306812,1658451.03240597
156,1,Montebello,117,19,84,0,1,0,8,5,8,53,64,24,19,8,4,5,23,11,19,4,7,5,3,1,1,1,0,22,16,11,5,6,3,0,3,0.4641626,252.06683566,-361,-2,2.625, ,, ,,12940059.1079,15669.336386,6180.0335248116,2012287.51171309
157,5,Moravia-Walther,999,375,582,3,5,0,3,31,21,473,526,63,79,33,38,88,113,177,312,96,256,159,66,16,9,81,37,432,409,338,71,23,8,9,6,0.13101388,7625.14614876,-79,-5,2.42543005, ,, ,,3652442.80615,8864.34597724,3496.9088886917,568075.130697725
158,3,Morgan Park,256,3,243,0,0,0,0,10,1,113,143,11,15,7,8,17,23,27,76,72,69,45,6,3,1,21,5,121,114,100,14,7,2,0,5,0.07261075,3525.64840891,0,0,2.24560999, ,, ,,2024263.63104,5822.75381211,2296.97100435595,314903.332059616
159,2,Morgan State University,1790,48,1698,2,14,1,0,27,5,769,1021,4,4,1,26,1686,41,9,15,4,9,2,0,2,1,5,3,37,25,5,20,12,9,2,1,0.26376592,6786.32002667,1790,25,2.27999997, ,, ,,7353342.63458,20842.8134201,8221.14084253948,1143872.22097003
160,5,Morrell Park,4204,3208,586,26,132,9,114,129,217,2058,2146,277,349,162,124,393,685,543,1153,518,977,561,195,104,45,312,141,1832,1688,1127,561,144,27,30,87,0.83863166,5012.92782167,49,0,2.49052, ,, ,,23379615.467,19042.1640615,7499.49991288302,3628506.24822331
161,3,Mosher,1589,15,1542,7,4,0,0,21,17,701,888,124,156,68,80,199,170,171,410,211,387,87,30,61,22,239,100,786,548,233,315,238,68,12,158,0.11526371,13785.7784128,-420,-120,2.86679005, ,, ,,3213355.02954,7162.68569155,2824.02816913189,499179.601641668
162,2,New Southwest/Mount Clare,2313,764,1190,27,67,0,165,100,267,1143,1170,224,260,109,112,260,361,305,528,154,456,148,76,97,33,211,123,1141,751,257,494,390,46,49,295,0.11823957,19561.9790285,-80,-71,2.94007992, ,, ,,3296316.85895,8639.52413584,3403.60704079363,511863.224390043
163,4,Mount Holly,1279,21,1238,0,2,0,5,13,14,656,623,71,98,49,71,113,142,178,415,142,283,93,28,47,16,143,70,705,495,195,300,210,85,9,116,0.12392056,10321.1282764,-381,-122,2.48283004, ,, ,,3454693.13208,9461.43836598,3727.85101880467,536893.228808323
164,5,Mount Vernon,4818,2842,1257,12,458,3,67,179,229,2379,2439,71,38,14,24,1053,1740,521,670,687,424,291,46,35,14,98,38,3860,3352,241,3111,508,298,7,203,0.22666112,21256.4020821,299,322,1.36545002, ,, ,,6318924.2182,11595.6358979,4570.63809104154,981628.767716489
165,4,Mount Washington,3878,2804,822,11,81,3,37,120,107,1760,2118,221,312,144,132,155,443,580,1253,638,1001,802,330,45,22,154,85,1721,1649,1298,351,72,17,27,28,1.24104049,3124.79731984,-2,-15,2.30079007, ,, ,,34598084.8259,26939.6540312,10622.8869361856,5384579.55138553
166,4,Mount Winans,748,21,709,3,3,0,0,12,15,323,425,59,85,26,36,74,85,86,207,90,192,55,15,17,6,120,55,372,286,179,107,86,9,2,75,0.07656696,9769.22646614,-282,-57,2.61538004, ,, ,,2134555.87866,6320.89015693,2489.36658999951,331262.227250941
167,3,Mt Pleasant Park,0,0,0,0,0,0,0,0,0,0,0,0,0,0,0,0,0,0,0,0,0,0,0,0,0,0,0,0,0,0,0,0,0,0,0,0.25298873,0,0,0,0, ,, ,,7052893.06226,14642.9897097,5780.20861344187,1097756.25017042
168,4,New Northwood,4972,134,4677,7,30,1,46,77,102,2272,2700,286,313,154,231,1013,611,529,1148,687,1174,467,123,107,41,600,264,2092,1940,959,981,152,73,24,55,0.32088432,15494.6800474,-2028,-69,2.39123988, ,, ,,8945705.87537,15961.0786365,6300.83872877774,1391684.56962727
169,2,North Harford Road,5380,3437,1672,13,50,2,99,107,251,2583,2797,356,429,160,171,442,808,842,1487,685,1352,875,353,138,50,339,153,2421,2221,1780,441,200,63,51,86,0.63995986,8406.77716406,102,-34,2.42188, ,, ,,17840985.8033,19737.9674588,7783.30625763775,2776876.91769401
170,3,North Roland Park/Poplar Hill,1450,992,169,1,262,0,1,25,19,708,742,70,100,57,58,106,170,196,440,253,364,310,123,10,5,44,29,663,620,361,259,43,13,10,20,0.61312719,2364.92526665,196,33,2.33871006, ,, ,,17092936.8763,19427.9294403,7661.25895238455,2660495.47715397
171,3,Northwest Community Action,1896,18,1823,5,0,0,3,47,25,846,1050,129,199,92,86,226,196,233,508,227,415,110,39,52,13,253,116,782,616,326,290,166,39,11,116,0.11595587,16351.0475468,-184,-85,2.99025988, ,, ,,3232651.29108,8579.80638173,3380.96191866693,502305.891224438
172,5,O'Donnell Heights,763,80,653,1,0,0,6,23,37,273,490,115,134,45,47,85,111,65,123,38,206,13,6,8,2,185,130,289,275,6,269,14,2,3,9,0.15790099,4832.1419006,-1311,-416,2.77454996, ,, ,,4402009.40881,9880.78322205,3893.13281183627,683468.192089399
173,1,Oakenshawe,1144,823,130,2,134,1,18,36,50,604,540,49,53,18,15,280,218,169,249,93,180,132,55,16,7,32,14,575,505,262,243,70,30,17,23,0.06250668,18302.0420396,65,6,2.2653501, ,, ,,1742579.43237,5903.24727103,2326.99619267411,270952.505046178
174,5,Oaklee,754,445,241,4,27,1,12,24,41,364,390,41,60,14,9,101,185,98,182,64,163,79,28,29,13,55,21,405,384,107,277,21,15,2,4,0.04074534,18505.1794228,1,-22,1.96353995, ,, ,,1135910.60278,5684.49040567,2238.33271789175,176314.6392324
175,2,Oldtown,2658,35,2535,2,38,1,3,44,11,1068,1590,286,367,110,129,232,405,243,636,250,632,102,31,49,21,481,335,1231,1177,168,1009,54,28,9,17,0.16738106,15879.9328795,-883,-401,2.24809002, ,, ,,4666297.48083,9578.2192508,3774.86305734257,724904.431505107
176,4,Oliver,4153,55,4016,6,11,1,8,56,39,1896,2257,302,342,172,228,460,455,460,1210,524,932,189,62,132,39,611,281,2514,1591,594,997,923,111,39,773,0.26293101,15795.0172638,-1320,-359,2.60778999, ,, ,,7330066.82666,10859.8752595,4281.3778920994,1139032.87092134
177,1,Orangeville,202,145,25,2,1,1,17,11,23,99,103,15,11,8,4,24,27,29,55,29,44,30,11,6,1,8,4,101,85,62,23,16,2,7,7,0.36951726,546.65916693,-80,1,2.35294008, ,, ,,10301508.9001,15682.1066537,6178.71272567404,1600497.36250239
178,3,Orangeville Industrial Area,0,0,0,0,0,0,0,0,0,0,0,0,0,0,0,0,0,0,0,0,0,0,0,0,0,0,0,0,0,0,0,0,0,0,0,0.44537248,0,0,0,0, ,, ,,12416222.6628,16424.4106755,6477.09941016207,1929294.21314429
179,3,Original Northwood,1241,465,684,7,14,1,25,45,55,645,596,72,76,29,33,84,186,148,400,213,280,181,70,22,6,77,31,545,518,376,142,27,6,8,13,0.17242944,7197.1466514,1,17,2.18146991, ,, ,,4807037.80054,10610.4530743,4188.31909987033,747642.048259605
180,2,Otterbein,1823,1406,282,8,78,4,19,26,50,826,997,68,44,10,14,112,323,179,461,612,336,279,61,13,5,44,19,1275,1162,439,723,113,61,10,42,0.10251737,17782.3512566,-402,-59,1.56885004, ,, ,,2858008.99817,7204.22076466,2838.98034233176,443786.357796845
181,4,Overlea,774,506,235,3,6,0,13,11,21,381,393,43,59,25,33,43,104,113,251,103,174,101,41,21,3,52,31,324,297,236,61,27,6,7,14,0.30430461,2543.50395506,63,14,2.52862, ,, ,,8483491.93335,13968.5224437,5513.07191253013,1320263.72692596
182,4,Panway/Braddish Avenue,1221,10,1197,1,0,2,0,11,4,508,713,62,90,63,60,123,129,151,359,184,313,102,31,26,10,185,77,574,507,343,164,67,22,8,37,0.08114838,15046.5096757,-21,-33,2.40827989, ,, ,,2262278.16107,6872.04384964,2709.1674484983,351587.459980376
183,5,Park Circle,3153,65,3006,10,9,1,21,41,44,1463,1690,213,264,125,157,293,341,321,976,463,652,195,69,80,19,377,149,1560,1270,426,844,290,80,35,175,0.31055601,10152.7579256,-680,-174,2.44566988, ,, ,,8657770.05939,14082.4900589,5556.21509676115,1346131.30110991
184,1,Parklane,2049,46,1967,9,7,0,4,16,20,905,1144,176,197,77,92,231,289,215,523,249,509,151,54,64,23,294,154,814,719,324,395,95,36,6,53,0.12385896,16543.0087714,-80,-37,2.7246201, ,, ,,3452976.05133,8236.85601274,3246.81140862997,537087.069092028
185,5,Parkside,2683,281,2231,10,88,0,14,59,28,1261,1422,178,240,101,110,329,408,369,777,171,694,278,114,74,26,342,165,1190,1113,575,538,77,40,12,25,0.11749987,22834.0669443,134,40,2.41059994, ,, ,,3275695.39746,8597.02463868,3389.47395107913,509232.157572744
186,5,Parkview/Woodbrook,1981,35,1889,3,3,0,9,42,25,924,1057,156,157,89,105,220,227,242,602,183,407,114,37,58,26,235,109,1105,755,292,463,350,75,8,267,0.0985475,20101.9805228,-353,-144,2.61059999, ,, ,,2747335.73761,7362.81324146,2902.84357416166,427018.934530499
187,5,Patterson Park,0,0,0,0,0,0,0,0,0,0,0,0,0,0,0,0,0,0,0,0,0,0,0,0,0,0,0,0,0,0,0,0,0,0,0,0.22589095,0,0,0,0, ,, ,,6297453.07526,10773.7409634,4244.18041420763,978048.700992412
188,4,Patterson Place,1165,558,413,14,32,1,114,33,270,602,563,78,92,31,35,130,336,200,205,58,223,104,46,32,15,87,44,573,432,211,221,141,55,38,48,0.03800757,30651.7870622,-61,-8,2.68518996, ,, ,,1059586.05334,4249.99922792,1675.83577649367,164585.137955243
189,1,Pen Lucy,3078,152,2838,16,4,3,20,45,43,1383,1695,245,265,117,140,331,455,384,826,315,680,211,75,86,38,383,201,1483,1250,438,812,233,160,24,49,0.17157715,17939.4508092,-184,-62,2.43440008, ,, ,,4783277.52954,9278.92304964,3659.08674457139,743944.994240233
190,1,Penn North,1846,19,1780,3,5,0,4,35,10,849,997,153,154,82,95,201,228,243,467,223,392,109,51,54,15,229,95,1074,686,244,442,388,75,6,307,0.13520164,13653.6800368,-496,-164,2.69095993, ,, ,,3769190.45996,8974.81799178,3537.70910846388,585768.956997451
191,3,Penn-Fallsway,6423,967,5374,5,9,3,52,13,147,5866,557,9,25,7,107,1524,1916,1434,1352,49,0,0,0,0,0,0,0,5,1,0,1,4,4,0,0,0.13446333,47767.6694277,0,0,1, ,, ,,3748607.56427,8958.02482747,3532.65393445471,582331.597256148
192,5,Penrose/Fayette Street Outreach,3266,41,3167,11,2,0,4,41,22,1554,1712,203,278,131,151,364,346,341,926,526,737,202,43,106,23,429,167,1579,1174,540,634,405,63,16,326,0.35292928,9253.97836011,-542,-132,2.77256989, ,, ,,9839064.52368,17648.9040774,6951.10835628743,1528187.12171196
193,1,Perkins Homes,1649,26,1584,12,0,0,5,22,16,645,1004,200,305,94,98,194,265,151,279,63,411,32,15,24,10,355,282,636,614,3,611,22,16,0,6,0.03706349,44491.2210205,95,-44,2.68566989, ,, ,,1033266.7132,4083.6537736,1609.11094499088,160470.048728352
194,3,Perring Loch,3014,116,2839,6,9,0,9,35,28,1327,1687,178,236,113,122,308,303,339,921,494,797,411,89,48,15,338,120,1164,1124,1005,119,40,4,8,28,0.21869692,13781.6293644,-108,32,2.68148994, ,, ,,6096896.04022,10666.4577319,4204.80415347393,948597.88521267
195,1,Pimlico Good Neighbors,1102,30,1048,0,3,0,12,9,12,517,585,60,82,46,42,118,90,117,310,237,248,87,21,28,12,133,51,506,449,233,216,57,11,5,41,0.29570385,3726.70149703,-67,-37,2.41870999, ,, ,,8243717.38184,11944.1273976,4707.41744607214,1282634.78880839
196,5,Pleasant View Gardens,713,7,699,1,0,0,2,4,4,266,447,53,68,28,41,77,79,57,164,146,176,26,11,11,1,139,67,352,331,23,308,21,3,0,18,0.04600013,15499.9540726,-262,-61,2.15407991, ,, ,,1282405.07007,4876.43564756,1921.16087415792,199194.287408024
197,5,Poppleton,3105,74,2980,8,4,0,8,31,25,1388,1717,267,372,134,149,313,406,295,803,366,674,111,39,60,26,503,305,1625,1263,209,1054,362,89,5,268,0.18214708,17046.6626935,-146,-27,2.33729004, ,, ,,5077949.11481,9329.03789928,3674.54356474038,788697.033631174
198,5,Port Covington,0,0,0,0,0,0,0,0,0,0,0,0,0,0,0,0,0,0,0,0,0,0,0,0,0,0,0,0,0,0,0,0,0,0,0,0.33193435,0,0,0,0, ,, ,,9253761.59015,21963.7685756,8654.03217867224,1436141.7840014
199,1,Pulaski Industrial Area,123,76,25,0,1,0,16,5,27,62,61,11,6,3,4,14,29,11,27,18,30,15,4,3,2,12,6,184,55,28,27,129,11,3,115,1.96771433,62.5090736,41,19,2.23636007, ,, ,,54856507.7926,63974.8655628,25218.5350000482,8522590.8585432
200,3,Purnell,849,26,809,3,5,0,2,4,8,366,483,73,117,36,33,86,217,122,140,25,214,77,38,22,17,115,84,341,325,17,308,16,11,0,5,0.03875637,21906.071274,152,59,2.61230993, ,, ,,1080461.51361,6216.1956489,2449.02553730858,167952.867282876
201,2,Radnor-Winston,684,419,230,1,11,0,5,18,22,312,372,39,72,21,14,94,44,107,193,100,150,101,49,8,3,41,24,239,229,163,66,10,3,2,5,0.07858822,8703.59402897,81,-30,2.54585003, ,, ,,2190905.18933,6307.96689648,2488.23498294003,340847.592507588
202,3,Ramblewood,1705,100,1568,3,10,0,0,24,9,776,929,83,140,82,68,180,215,199,570,168,449,234,78,37,11,178,78,686,654,560,94,32,5,17,10,0.15585434,10939.7014838,-315,-110,2.60702991, ,, ,,4344952.36774,8775.58337132,3462.53205831945,676225.189049552
203,4,Reisterstown Station,1968,131,1700,8,26,2,52,49,116,898,1070,113,144,65,83,210,285,246,602,220,483,203,69,44,14,236,88,912,840,349,491,72,57,5,10,0.45328545,4341.63504548,-23,8,2.32261991, ,, ,,12636822.5703,18538.7785222,7314.36173564044,1966148.80367456
204,3,Remington,2458,1440,643,8,213,0,63,91,113,1279,1179,120,155,71,70,394,608,323,533,184,463,232,76,70,27,161,69,1250,1072,521,551,178,70,32,76,0.24541272,10015.780656,157,100,2.29291009, ,, ,,6841686.67804,12677.83159,5002.67553528178,1063504.8069999
205,5,Reservoir Hill,6140,522,5415,30,22,0,23,128,112,2862,3278,465,557,207,200,596,958,786,1857,514,1280,390,129,168,61,722,416,3840,2904,685,2219,936,393,114,429,0.30460629,20157.167167,-761,-166,2.10606002, ,, ,,8491902.15472,13876.2896245,5465.39574733831,1319780.5704027
206,3,Richnor Springs,676,6,649,8,2,0,0,11,2,288,388,38,70,26,27,55,83,80,185,112,164,53,16,18,3,93,36,297,256,169,87,41,24,2,15,0.03340118,20238.8004079,17,-6,2.64063, ,, ,,931167.986023,4392.3898666,1730.99108862201,144853.631436047
207,2,Ridgely's Delight,884,578,203,3,66,1,9,24,32,453,431,33,21,6,11,162,388,101,123,39,114,78,21,9,4,27,10,477,416,147,269,61,26,3,32,0.04905133,18021.9360179,-44,-5,2.125, ,, ,,1367467.23499,5157.61952025,2033.54751818181,212350.923972538
208,3,Riverside,5671,5275,122,6,143,2,33,90,159,2847,2824,301,161,38,44,690,2163,867,987,420,1096,873,257,76,18,147,42,3116,2820,1799,1021,296,97,85,114,0.29520816,19210.1731659,212,204,2.00921988, ,, ,,8229898.43073,14636.8384991,5765.94415838892,1277585.44286729
209,1,Rognel Heights,1695,20,1632,9,6,0,5,23,24,767,928,73,116,53,71,148,146,212,462,414,463,185,38,54,9,224,76,724,668,529,139,56,18,12,26,0.16992194,9975.16825135,-459,-114,2.52694988, ,, ,,4737133.02698,8701.43171871,3429.88963172943,735870.593309379
210,4,Roland Park,5269,4141,480,23,465,1,48,111,170,2427,2842,197,409,148,125,386,700,613,1344,1347,1062,936,402,31,16,95,44,2391,2188,1190,998,203,118,14,71,0.95749711,5502.88867003,573,-61,2.21891999, ,, ,,26693380.6643,34818.7825672,13738.2208161432,4152822.96493908
211,3,Rosebank,394,191,175,4,4,0,2,18,8,181,213,19,28,9,7,32,72,71,122,34,85,50,18,10,6,25,13,233,204,103,101,29,17,0,12,0.06613982,5957.07686225,-47,-33,1.91175997, ,, ,,1843865.0224,7003.37902468,2764.23923681878,286963.731095122
212,4,Rosemont,3102,17,3021,5,3,0,10,46,22,1452,1650,301,399,167,151,327,428,292,741,296,710,163,54,98,26,449,238,1233,1031,468,563,202,76,16,110,0.17417469,17809.7052154,-35,-88,3.00872993, ,, ,,4855692.43463,8937.80272923,3525.02000402644,754458.974925433
213,2,Rosemont East,1871,724,1032,19,30,1,10,55,28,882,989,78,172,75,94,152,273,245,553,229,446,235,92,47,25,164,82,888,808,472,336,80,28,7,45,0.2520888,7421.9875533,-19,-43,2.3155899, ,, ,,7027804.5307,11961.6042059,4716.43606049975,1093523.60859614
214,1,Rosemont Homeowners/Tenants,1460,14,1413,3,0,0,9,21,11,679,781,102,120,62,79,157,137,153,431,219,335,100,23,46,16,189,67,635,497,288,209,138,44,4,90,0.06302283,23166.2078656,-284,-94,2.93359994, ,, ,,1756968.65973,7028.55280827,2766.81104595647,272913.709992815
215,2,Sabina-Mattfeldt,172,156,5,0,6,0,0,5,2,79,93,6,14,5,1,6,20,38,54,28,43,35,13,0,0,8,6,92,86,74,12,6,0,5,1,0.11814473,1455.841437,-21,-6,2, ,, ,,3293672.99072,10305.5286239,4069.9860014628,512648.772559313
216,3,Saint Agnes,671,325,322,5,4,0,5,10,12,307,364,21,33,22,15,39,46,75,184,236,88,48,17,12,8,28,14,307,299,104,195,8,2,1,5,0.08329936,8055.28347013,42,53,1.76923, ,, ,,2322243.7348,6943.97301528,2735.73360356763,360517.234668769
217,5,Saint Helena,602,496,55,6,0,5,18,22,41,276,326,43,43,21,22,60,91,81,174,67,142,80,27,16,11,46,20,251,230,144,86,21,8,6,7,0.05670624,10616.1155161,62,16,2.61738991, ,, ,,1580872.93243,6293.11388103,2481.22553900871,245327.382568907
218,4,Saint Josephs,2032,35,1940,4,4,0,7,42,16,895,1137,125,191,94,81,193,233,203,585,327,517,154,38,63,15,300,105,848,720,507,213,128,42,19,67,0.13974825,14540.4320311,-237,-82,2.82222008, ,, ,,3895942.16162,9237.95445987,3641.6115002929,605012.4683558
219,2,Saint Paul,107,98,6,0,0,0,0,3,3,55,52,9,14,5,3,8,19,16,24,9,23,13,9,3,1,7,2,49,41,20,21,8,3,0,5,0.10368359,1031.98584662,-61,-11,2.60976004, ,, ,,2890521.1026,8150.34949817,3210.54357597951,448660.444491314
220,5,Sandtown-Winchester,8534,95,8304,7,20,0,13,95,51,3747,4787,694,886,352,429,997,1075,1023,2272,806,1901,398,139,233,84,1270,660,4096,3053,1186,1867,1043,156,34,853,0.40652175,20992.7262084,-720,-215,2.71535992, ,, ,,11333130.8926,14215.8061631,5604.67849171492,1760865.7259681
221,2,South Baltimore,3450,3070,195,9,69,1,47,59,138,1851,1599,135,107,40,49,536,1388,450,532,213,558,395,108,74,23,89,31,1787,1585,911,674,202,73,51,78,0.12980718,26577.8807513,-443,29,2.16719007, ,, ,,3618802.27277,7843.05332092,3092.01379661245,561752.90662002
222,3,Seton Business Park,0,0,0,0,0,0,0,0,0,0,0,0,0,0,0,0,0,0,0,0,0,0,0,0,0,0,0,0,0,0,0,0,0,0,0,0.39103829,0,0,0,0, ,, ,,10901478.2615,16335.325213,6445.57742321725,1695803.24553109
223,4,Seton Hill,1249,168,1036,5,14,0,1,25,30,513,736,104,106,33,49,139,204,142,354,118,248,62,20,15,3,171,116,731,646,100,546,85,49,8,28,0.07455378,16753.006214,-116,19,1.90711998, ,, ,,2078431.8537,6752.29900658,2662.02911768424,322868.887159569
224,5,Sharp-Leadenhall,822,221,561,1,18,0,2,19,12,390,432,74,83,29,36,145,190,81,134,50,172,44,14,13,6,115,82,376,350,87,263,26,10,6,10,0.06906592,11901.6727092,34,40,2.3485701, ,, ,,1925439.70013,5659.97934019,2230.74161246534,298935.613130736
225,4,Shipley Hill,2110,56,2008,2,8,2,3,31,9,991,1119,183,207,73,120,237,262,243,558,227,487,123,47,71,20,293,150,1097,724,254,470,373,47,24,302,0.18235058,11571.1173564,-344,-84,2.91436004, ,, ,,5083622.16815,11741.3227921,4625.91620558916,789471.759543037
226,3,South Clifton Park,737,5,715,5,0,0,2,10,4,334,403,43,69,34,32,77,69,90,204,119,169,47,16,30,9,92,23,342,253,152,101,89,18,10,61,0.09437542,7809.23676145,-480,-124,2.91303992, ,, ,,2631025.18744,9645.48540728,3796.7837253519,408901.778051337
227,1,Spring Garden Industrial Area,0,0,0,0,0,0,0,0,0,0,0,0,0,0,0,0,0,0,0,0,0,0,0,0,0,0,0,0,0,0,0,0,0,0,0,0.27022408,0,0,0,0, ,, ,,7533384.94983,16934.675652,6676.81171226399,1169301.09870421
228,3,Stadium Area,0,0,0,0,0,0,0,0,0,0,0,0,0,0,0,0,0,0,0,0,0,0,0,0,0,0,0,0,0,0,0,0,0,0,0,0.16416508,0,0,0,0, ,, ,,4576641.49292,10097.1046717,3982.24844524782,710618.561182346
229,1,Stonewood-Pentwood-Winston,1405,147,1208,4,7,0,10,29,31,540,865,58,73,28,36,600,138,93,217,162,228,96,21,22,7,110,36,351,322,237,85,29,16,3,10,0.09327047,15063.7170801,555,6,2.66459989, ,, ,,2600221.12097,6890.19420371,2717.63801669664,404507.700383679
230,5,Taylor Heights,365,268,67,4,9,0,13,4,28,187,178,15,25,6,11,40,53,52,110,53,93,58,17,4,2,31,9,158,153,113,40,5,1,2,2,0.19123303,1908.66603587,41,16,2.38562011, ,, ,,5331249.73413,10341.7477925,4080.30849403649,829848.70181061
231,3,Ten Hills,1416,529,792,1,30,5,15,44,40,673,743,81,102,55,46,152,231,182,427,140,347,228,94,25,15,94,52,683,649,278,371,34,9,7,18,0.33319536,4249.75904743,-178,-36,2.18181991, ,, ,,9288916.39575,14038.4489996,5531.23971560662,1442597.72723456
232,4,The Orchards,494,433,32,2,19,0,1,7,9,241,253,33,69,15,19,12,18,74,179,75,154,135,65,4,1,15,10,197,191,187,4,6,0,2,4,0.21114478,2339.62684403,33,3,2.58639001, ,, ,,5886355.14526,12794.1524694,5048.92720926444,916222.114409651
233,1,Towanda-Grantley,1322,17,1284,4,0,0,1,16,6,638,684,86,116,41,57,151,149,171,389,162,320,92,18,43,11,185,82,613,460,209,251,153,39,10,104,0.13982165,9454.90193883,-88,-30,2.79999995, ,, ,,3897988.32507,9571.92500596,3774.40183697898,606192.258919213
234,2,Tremont,958,58,882,2,3,2,2,9,4,434,524,59,86,40,31,137,154,104,279,68,247,92,27,22,9,133,68,422,389,204,185,33,18,2,13,0.03521631,27203.3026657,-37,-4,2.46271991, ,, ,,981770.51123,4252.06748166,1676.89040879079,152452.949012996
235,3,Tuscany-Canterbury,3413,2380,153,1,790,1,21,67,122,1609,1804,102,48,9,18,803,808,317,630,678,568,490,105,22,5,56,17,2370,2160,763,1397,210,115,21,74,0.14552273,23453.3803561,-34,-204,1.58009004, ,, ,,4056924.72119,9288.31099276,3665.06238333749,630941.439513443
236,3,Union Square,1187,323,781,13,19,0,14,37,37,654,533,63,86,31,39,118,200,198,370,82,194,95,32,27,10,72,42,738,446,188,258,292,69,40,183,0.06631154,17900.3532826,-138,-94,2.30716991, ,, ,,1848652.25317,5892.06914223,2320.40513461471,287093.421839425
237,1,University Of Maryland,387,204,93,2,77,0,2,9,12,197,190,5,6,3,3,101,183,38,42,6,23,14,1,2,2,7,3,287,229,4,225,58,25,0,33,0.15100451,2562.83726472,-828,-109,1.35371005, ,, ,,4209747.48419,10060.5560054,3966.77154839156,653836.340466952
238,5,Uplands,820,15,790,1,6,0,2,6,10,354,466,54,75,32,37,79,89,90,255,109,208,93,32,11,5,104,39,325,301,240,61,24,4,7,13,0.19784931,4144.56834652,-1703,-838,2.72425007, ,, ,,5515700.22363,9921.97591854,3911.36056072781,856659.792528164
239,2,Upper Fells Point,3851,2904,264,13,142,1,387,140,832,1994,1857,227,139,50,55,503,1298,635,666,278,678,444,167,101,27,133,55,2157,1797,933,864,360,112,89,159,0.12729489,30252.5872805,-338,-89,2.14301991, ,, ,,3548763.87781,8691.7364505,3423.95001701261,551138.466966976
240,3,Upton,5746,78,5546,13,8,3,20,78,73,2508,3238,559,750,251,262,634,700,584,1353,653,1191,201,85,133,55,857,538,3232,2406,329,2077,826,149,20,657,0.29300458,19610.614402,-575,-257,2.37157011, ,, ,,8168466.44037,15623.0042484,6160.60027287419,1269080.43984681
241,1,Villages Of Homeland,562.3255,428.8685,66.3225,0.5235,50.9465,0,4.047,11.6175,20.7585,210.102,352.2235,18.7585,22.7585,3.5235,9.047,181.666,88.6045,72.3225,125.175,40.47,71.658,49.47,19.188,3,3,19.188,11.141,316.995,289.619,165.0745,124.5445,27.376,14.188,4.5705,8.6175,0.03167454,17753.2283497,312.32598876,115.61900329,1.93792998, ,, ,,883032.241577,3710.25884683,1463.14904190617,137388.699795185
242,2,Violetville,2506,2056,307,8,42,4,24,65,72,1094,1412,145,140,81,71,159,376,289,549,696,530,352,126,61,25,117,56,1156,1083,708,375,73,23,22,28,0.59282329,4227.22929121,-171,-15,2.13111996, ,, ,,16526898.8563,17886.6462017,7047.04751763809,2565140.76441749
243,3,Wakefield,1772,68,1643,4,13,0,17,27,33,713,1059,135,154,54,70,225,266,185,465,218,384,89,34,44,22,251,155,1037,948,24,924,89,75,1,13,0.27299516,6490.95736517,0,-22,1.86919999, ,, ,,7610638.0647,14423.9415287,5683.72168487711,1182789.78190547
244,5,Walbrook,2443,37,2374,3,5,0,1,23,19,1154,1289,138,203,79,135,252,262,268,713,393,532,164,43,60,22,308,123,1151,916,466,450,235,103,29,103,0.19943231,12249.7703386,-367,-181,2.58951997, ,, ,,5559831.48096,11191.8165769,4409.28279303975,864034.617235062
245,2,Waltherson,6980,1982,4683,13,78,1,67,156,130,3292,3688,421,624,298,315,650,946,1033,2096,597,1662,933,365,166,71,563,275,2953,2614,2024,590,339,86,69,184,0.73918769,9442.79788403,172,5,2.66106009, ,, ,,20607287.7974,22365.1961846,8820.91148256203,3205262.41980078
246,5,Washington Hill,1969,590,1046,17,124,2,122,68,248,939,1030,121,132,55,38,211,483,299,493,137,373,166,57,39,11,168,89,1060,914,372,542,146,83,20,43,0.15719587,12525.7739492,57,103,2.09190011, ,, ,,4382351.96063,10205.1802729,4020.76217558513,680666.318125567
247,1,Washington Village/Pigtown,5116,2034,2611,12,265,1,60,133,177,2550,2566,380,409,141,185,553,1130,738,1155,425,1089,450,167,139,48,500,269,2720,2093,1028,1065,627,159,108,360,0.32680271,15654.70476,-294,55,2.39895009, ,, ,,9110700.33344,16783.3914429,6612.91221119226,1414680.99437642
248,3,Waverly,2789,431,2219,8,46,1,26,58,71,1296,1493,196,228,111,121,304,461,332,787,249,646,236,80,64,26,346,155,1269,1079,638,441,190,88,22,80,0.15461006,18038.9290164,-386,-10,2.5848, ,, ,,4310264.01361,8555.90988838,3375.96377440344,670231.654336049
249,3,West Arlington,2041,22,1973,6,4,0,16,20,27,951,1090,105,136,69,100,211,195,246,636,343,497,211,58,46,17,240,90,895,757,451,306,138,33,12,93,0.27270878,7484.17399002,-208,-83,2.68032002, ,, ,,7602654.19672,11687.7051579,4607.2236429647,1182433.74711966
250,5,West Forest Park,2408,89,2271,5,4,0,10,29,26,1036,1372,180,217,82,82,272,334,284,633,324,633,203,68,53,20,377,198,1149,1014,388,626,135,63,9,63,0.37241143,6465.96692132,-124,-12,2.37474989, ,, ,,10382193.3328,20554.7944639,8099.9996652311,1613786.79451329
251,5,West Hills,2159,139,1980,1,15,0,5,19,16,931,1228,119,173,91,105,192,235,256,667,321,542,253,91,37,11,252,114,970,936,567,369,34,11,6,17,0.33508615,6443.11899672,2,31,2.30661988, ,, ,,9341628.62201,19743.5052175,7780.71881136635,1451178.62259487
252,5,Westfield,3141,1585,1377,13,42,4,26,94,110,1502,1639,203,284,102,150,233,429,523,890,327,799,470,198,73,29,256,120,1386,1243,989,254,143,31,47,65,0.42892015,7323.04126966,-69,-37,2.51487994, ,, ,,11957559.831,14412.3081342,5684.62977764711,1860779.6962851
253,2,Westgate,2683,709,1882,9,20,1,11,51,30,1268,1415,184,233,90,105,264,430,370,709,298,664,319,120,79,34,266,148,1145,1087,512,575,58,35,7,16,0.33289083,8059.69920067,-191,-58,2.35695004, ,, ,,9280426.74249,18851.3525271,7427.03521868302,1441148.73945007
254,3,Westport,1593,165,1370,8,7,0,7,36,17,715,878,137,203,75,74,186,224,171,367,156,395,88,30,43,17,264,143,696,552,160,392,144,23,10,111,0.4977407,3200.46157083,-591,-172,2.88586997, ,, ,,13876158.9771,23475.0887938,9249.89368885061,2153510.38176889
255,2,Wilson Park,632.3202,13.3254,597.9948,2,7,0,1,11,3,283.463,348.8572,42.6508,54.0926,34.9881,28.5463,73.418,80.418,63.8717,174.8122,79.5225,147.7196,56.0926,15.8836,21.4418,5.2209,70.1852,37.209,258.9974,223.6839,143.8241,79.8598,35.3135,14.2209,2,19.0926,0.09373605,6745.75209613,-53.51060104,-18.42989921,2.8125, ,, ,,2613200.82269,8524.42434575,3360.59784167652,406475.16250056
256,2,Winchester,1420,16,1373,4,0,0,5,22,12,643,777,120,140,64,70,164,189,163,333,177,333,92,32,39,9,202,95,613,492,238,254,121,28,3,90,0.08312807,17082.0753147,-127,-54,2.88617992, ,, ,,2317468.39392,8751.26136424,3448.79369288276,360054.179218826
257,2,Windsor Hills,1552,81,1435,4,3,1,2,26,15,701,851,96,104,69,63,159,151,184,470,256,389,182,58,38,15,169,60,723,618,407,211,105,23,22,60,0.23422538,6626.09647903,-297,-94,2.50809001, ,, ,,6529802.85779,11151.1569403,4397.07115579075,1014937.17068442
258,1,Winston-Govans,1341,74,1218,10,2,0,5,32,26,601,740,99,138,50,67,149,153,178,353,154,288,117,49,25,11,146,64,582,475,271,204,107,32,11,64,0.1132634,11839.658135,-113,-23,2.82315993, ,, ,,3157589.89221,7394.25725593,2916.52524122539,491243.608674914
259,2,Woodberry,1406,953,349,11,31,0,14,48,56,659,747,62,64,18,21,74,311,229,350,277,266,173,47,30,9,63,22,728,615,360,255,113,87,5,21,0.5318207,2643.74813507,295,175,2.00487995, ,, ,,14826251.0665,18239.3677625,7195.42624026411,2305737.1243577
260,1,Woodbourne Heights,1795,48,1674,0,10,0,17,46,38,781,1014,119,129,62,57,242,256,189,551,190,436,178,44,43,16,215,103,853,786,311,475,67,52,3,12,0.13455785,13339.9868277,-10,-12,2.27607989, ,, ,,3751242.67096,7799.11761036,3077.03000240271,583721.985217523
261,2,Woodbourne-McCabe,908,20,864,3,1,0,5,15,10,389,519,75,96,40,45,105,122,102,209,114,211,77,28,24,12,110,49,378,300,178,122,78,12,8,58,0.07515329,12081.971645,-167,-24,3.02666997, ,, ,,2095145.28668,6196.439459,2442.60183602608,325986.832350822
262,1,Woodmere,2080,46,1995,1,7,0,4,27,18,901,1179,111,141,86,98,188,216,251,631,358,555,223,52,49,12,283,103,914,821,571,250,93,25,9,59,0.25838889,8049.88151809,-225,-14,2.52497005, ,, ,,7203440.18927,11826.79635,4662.40280843852,1120533.07325223
263,1,Wyman Park,1141,1016,25,1,74,0,3,22,30,569,572,65,48,18,12,79,312,194,283,130,246,197,66,17,8,32,16,679,610,412,198,69,42,3,24,0.1103614,10338.7589363,-80,-41,1.87048995, ,, ,,3076687.18988,9837.20480498,3882.6751375979,478413.77672168
264,2,Wyndhurst,702,616,31,0,24,0,4,27,24,338,364,42,78,27,21,30,79,131,212,82,166,134,75,9,4,23,12,343,312,182,130,31,11,3,17,0.30378345,2310.8565843,-100,-52,2.25, ,, ,,8468962.82874,12956.265393,5110.45983252646,1317834.8085728
265,5,Yale Heights,2500,196,2202,12,27,2,31,30,41,1128,1372,186,243,106,95,315,391,350,641,173,647,248,87,57,27,342,180,1141,995,488,507,146,73,4,69,0.19212479,13012.3758027,-391,-120,2.51255989, ,, ,,5356110.38776,11988.3766487,4724.00594666784,831551.291518768
266,4,Lower Edmondson Village,446,0,442,0,0,0,0,4,3,188,258,27,51,15,27,50,51,39,127,59,100,23,7,11,5,66,23,169,134,83,51,35,7,5,23,0.02258613,19746.624162,-34,-33,3.32836008, ,, ,,629662.93158,3165.09622239,1247.40092240676,97802.9690837679
267,1,Wilhelm Park,534,401,86,10,12,1,14,10,23,257,277,24,50,18,9,52,92,69,167,53,124,79,24,10,6,35,12,235,215,133,82,20,4,8,8,0.44557997,1198.43806835,30,6,2.48372006, ,, ,,12422006.9657,19040.1923704,7498.22663583664,1928328.73930285
268,5,Edgewood,2399,20,2330,15,1,4,6,23,20,1059,1340,162,248,96,128,291,257,249,624,344,587,186,47,54,16,347,137,922,765,489,276,157,42,17,98,0.10384713,23101.2634872,-229,-66,3.13203001, ,, ,,2895080.3584,7743.99048664,3052.33191044266,449720.074368607
269,5,Evesham Park,709,261,404,2,13,3,5,21,26,334,375,60,58,17,10,106,139,103,180,36,167,73,31,19,8,75,49,360,332,147,185,28,8,3,17,0.07342968,9655.49614788,32,-10,2.11747002, ,, ,,2047093.81342,7080.75324782,2789.80845798249,318620.050994328
270,1,Belvedere,720,234,466,1,4,0,4,11,6,339,381,39,57,24,25,47,114,86,242,86,193,116,36,6,3,71,36,325,292,246,46,33,3,9,21,0.10364187,6946.99905265,0,-15,2.46574997, ,, ,,2889358.04706,7744.10912826,3054.45243078378,449657.810419754
271,4,Wrenlane,628.6798,12.6746,603.0052,4,0,0,1,8,12,286.537,342.1428,51.3492,63.9074,30.0119,35.4537,58.582,80.582,59.1283,161.1878,88.4775,165.2804,54.9074,16.1164,11.5582,3.7791,98.8148,49.791,260.0026,221.3161,146.1759,75.1402,38.6865,5.7791,2,30.9074,0.02884858,21792.3929137,-41.48939895,0.42989999,2.84614992, ,, ,,804249.310669,4099.07186401,1615.1884010667,125104.469402434
272,3,York-Homeland,482.6745,198.1315,239.6775,0.4765,31.0535,0,4.953,8.3825,10.2415,204.898,277.7765,17.2415,24.2415,5.4765,4.953,83.334,40.3955,47.6775,129.825,129.53,54.342,37.53,9.812,3,1,13.812,6.859,322.005,300.381,66.9255,233.4555,21.624,15.812,2.4295,3.3825,0.02343313,20597.9469862,0,0,1.61000001, ,, ,,653275.737671,3294.06123602,1299.50467188582,101642.140966386
273,2,CARE,1151,102,969,1,47,5,10,17,41,518,633,76,84,34,50,109,144,148,287,219,248,77,23,30,13,141,56,693,501,158,343,192,65,20,107,0.08474102,13582.5589072,-714,-207,2.24950003, ,, ,,2362434.80695,6495.2362512,2559.96175275315,366980.982332335
274,4,Downtown West,366,246,48,1,50,0,4,17,21,203,163,2,0,0,0,87,185,54,36,2,34,32,2,1,0,1,0,306,265,2,263,41,27,1,13,0.10969806,3336.43089331,245,183,1.34716999, ,, ,,3058194.19354,8318.29464856,3275.71247390432,474925.745360159
275,1,Belair-Edison,16690,1338,14958,38,81,1,77,197,199,7500,9190,1134,1734,794,873,1825,2251,2145,4675,1259,4157,1457,491,382,155,2318,1191,6710,5986,4107,1879,724,238,104,382,0.82495409,20231.4288208,167,-37,2.78666996, ,, ,,22998308.1718,25209.1506097,9936.42842662058,3575019.97984221
276,4,Four By Four,1261,27,1197,1,3,0,10,23,16,587,674,104,164,65,64,157,175,167,256,109,300,83,35,28,14,189,101,463,391,192,199,72,35,9,28,0.07081031,17808.1410683,-363,-113,3.22505998, ,, ,,1974070.26605,6457.97454112,2543.37781808379,306818.327112593
277,5,Charles Village,8255,4802,1288,19,1686,8,142,310,450,4320,3935,146,58,26,42,3917,1792,731,1086,457,612,454,111,55,12,103,53,4265,3725,619,3106,540,372,30,138,0.26335189,31345.8915316,904,-724,2.21610999, ,, ,,7341800.12585,13989.718067,5521.21954244451,1141361.82034966
278,4,Old Goucher,1046,235,711,6,38,4,19,33,45,593,453,18,25,15,14,72,237,153,393,119,83,30,7,21,7,32,18,405,344,17,327,61,33,4,24,0.05792496,18057.8429965,470,98,1.61627995, ,, ,,1614849.03455,5089.80457269,2006.76487299064,250990.764763792
